id,cmt,vid,num,p_id,tk_id
0,,https://www.youtube.com/embed/g5FQl3IRGuk,0,1,1eEX2HigE7rmIT7bwVBqtj
1,,https://www.youtube.com/embed/P5lmb5-tnM0,1,1,0gPQTLaqHDgdupKEok7J2x
2,,https://www.youtube.com/embed/xOuos3tU3AE,2,1,0a4x22Cu8ix2C0ylPLl7A7
3,,https://www.youtube.com/embed/isCb54Bcdoo,3,1,0NYEdeOOdXN6Nw2AeKecSJ
4,,https://www.youtube.com/embed/xcC3UQl3V-U,4,1,360NCp4XoQ0sFi5jgu5Ww7
5,,https://www.youtube.com/embed/oDjxlN92L98,5,1,2VSnwBXZLxPJoAHyDRyxrW
6,맛깔난 아프로비트,https://www.youtube.com/embed/nuWA-Gz2XJE,6,1,0sHyVWNc3nfxAYOTOwOlPx
7,,https://www.youtube.com/embed/sg34LyfYobo,7,1,01JPQ87UHeGysPVwTqMJHK
8,,https://www.youtube.com/embed/atyPXBQfCaY,8,1,6IaieqiCVvsNvEt6Y7yOFa
9,,https://www.youtube.com/embed/v0lzuXGXLE0,9,1,20jLHaXVhMFjwHs1JPjL4S
10,,https://www.youtube.com/embed/t1YHv1wHAxo,10,1,4s1HdR4GZb9OQtfTq1avcq
11,,https://www.youtube.com/embed/ijYpfI_sCy8,11,1,4VY32hdU4byJ6cpEBAXRul
12,,https://www.youtube.com/embed/84d64ets6sY,12,1,1DJsyU4yU3cnONCun42snt
13,,https://www.youtube.com/embed/gejbbL1AaJk,13,1,4HDCLYli2SUdkq9OjmvhSD
14,,https://www.youtube.com/embed/snH91WGT1UE,14,1,2IlT65thKQQw248mhk2PjQ
15,,https://www.youtube.com/embed/ZLJT7KXQhOs,15,1,439zbDDCpOPntEFlZFHKbY
16,칸예표 사랑노래는 믿듣이지,https://www.youtube.com/embed/oFK8bdAZY3A,16,1,4E3XDKil4ElJt6sXuz5cc6
17,,https://www.youtube.com/embed/kcr3NC7fsKY,17,1,4qiBiP5cXKG6JZD1sW28u5
18,,https://www.youtube.com/embed/LsnQOwZXYc0,18,1,0dDI9Y0qEQspYedfdi1vau
19,미고스는 추임새만 잘하는 게 아니다,https://www.youtube.com/embed/Tpy5r2UGdo0,19,1,1qMnyfVxKKlAxYrFPYTuph
20,,https://www.youtube.com/embed/1JltlSJH5bY,20,1,4nFrcGM7MY1mpoQCC7Kefj
21,,https://www.youtube.com/embed/421w1j87fEM,21,1,5YbPxJwPfrj7uswNwoF1pJ
22,,https://www.youtube.com/embed/bWMw4vE3J8s,22,1,2LLFl56eIFGFlnrplUC26f
23,,https://www.youtube.com/embed/YbciBJ3IUPs,23,1,6FXsrAH7Zol1jusSeJIoYA
24,,https://www.youtube.com/embed/Dg7ldnW2inQ,24,1,36DGvM1cGXimKtQ3rSi03a
25,,https://www.youtube.com/embed/we_JGhM5-Ao,25,1,6GPXq76JUWrOvlt2MHqzai
26,,https://www.youtube.com/embed/BBAtAM7vtgc,0,2,3sNVsP50132BTNlImLx70i
27,,https://www.youtube.com/embed/SeLo34-BDJk,1,2,2rbSlNYTYboHHWelF0xSAQ
28,,https://www.youtube.com/embed/Gb76TgCUqAY,2,2,5TxRUOsGeWeRl3xOML59Ai
29,,https://www.youtube.com/embed/yrHQka9XchA,3,2,0Gt4nGWoATcQFL38a1NRao
30,,https://www.youtube.com/embed/5fFV0dWpQPE,4,2,1jhdCONafFj1hzJsPvZx27
31,,https://www.youtube.com/embed/NJea386275c,5,2,5B0kgjHULYJhAQkK5XsMoC
32,,https://www.youtube.com/embed/5tSDhGea27E,6,2,3GKL13lkM5nRc4zC1lIOrR
33,,https://www.youtube.com/embed/8DL1XiYWjpk,7,2,7yoe9vbbzakNAXwb1UaWLS
34,,https://www.youtube.com/embed/_Gcaa7rGKr8,8,2,1rJUbH0v2E8t1GY4OAUTeC
35,,https://www.youtube.com/embed/DJi7WupFqPQ,9,2,3rsOs39rDAYxIOrDTHAgR9
36,,https://www.youtube.com/embed/YbciBJ3IUPs,10,2,6FXsrAH7Zol1jusSeJIoYA
37,,https://www.youtube.com/embed/aeCE435Ll1c,11,2,4Z2hR3qjHR4r7dwt7dKd1s
38,,https://www.youtube.com/embed/hHXfCOjb3fk,12,2,0q75NwOoFiARAVp4EXU4Bs
39,,https://www.youtube.com/embed/OxWCfqZhZX4,13,2,3zdsJOO5FIAgukJUMgboV8
40,,https://www.youtube.com/embed/cTMucy4PR2k,14,2,0dWOFwdXrbBUYqD9DLsoyK
41,,https://www.youtube.com/embed/DQmqCJFWaLU,15,2,5hVnFTUmD5oa7Pl4ltn6KE
42,,https://www.youtube.com/embed/sqgerBkCCWM,16,2,3XgGQ1wjo5khvq2UImjyNF
43,,https://www.youtube.com/embed/jb0YEeU9CZo,17,2,7ketv9r8Hm9lBpQdDekCXI
44,,https://www.youtube.com/embed/nteYkDKLnps,18,2,2sFEmuVVAa2klHwhFaT0rR
45,,https://www.youtube.com/embed/ox7RsX1Ee34,19,2,6PGoSes0D9eUDeeAafB2As
46,,https://www.youtube.com/embed/yEG2VTHS9yg,20,2,4S7YHmlWwfwArgd8LfSPud
47,,https://www.youtube.com/embed/tBwoRviPvVw,21,2,03hqMhmCZiNKMSPmVabPLP
48,,https://www.youtube.com/embed/93ufch_2mfw,22,2,7umZiitjVsEjMQ6HNddpUI
49,,https://www.youtube.com/embed/AVLe3Uk1qB8,23,2,2XILilAwcXHdGwZLNHteue
50,,https://www.youtube.com/embed/ZJM4AQSbZDk,24,2,0t2myRMEMCi2SRyg5TEFLp
51,,https://www.youtube.com/embed/lnADp4vGBAg,25,2,0B0jhczWfIdjY0p4KY1ArL
52,,https://www.youtube.com/embed/6NMBHsh_mi8,26,2,2cHEJfLPCYxeq2YpGO5ys3
53,,https://www.youtube.com/embed/u_C4onVrr8U,27,2,1m8WpLYXEiNVZchsWEcCSy
54,,https://www.youtube.com/embed/Uml5YDmbiQw,28,2,300DUx4tdtCdGEUXR032jA
55,,https://www.youtube.com/embed/tU3p6mz-uxU,29,2,6H0AwSQ20mo62jGlPGB8S6
56,,https://www.youtube.com/embed/rPC1g9oe2_8,30,2,6OquGsVTLqZHyxqG0PLwFz
57,,https://www.youtube.com/embed/H0qVhi01Lp4,31,2,111ixdtGqBX2riiqg8m8Xx
58,,https://www.youtube.com/embed/1sbbWXjAro8,32,2,5ugcpEprRXs0HnZ1iMFXed
59,,https://www.youtube.com/embed/r6OHG5JiuDc,33,2,270aLuFCbX32hhBr8MQyPM
60,,https://www.youtube.com/embed/_4gUVl5pjps,34,2,50a8bKqlwDEqeiEknrzkTO
61,,https://www.youtube.com/embed/5WU7oGiwiao,35,2,4brX8MJs5hxErgq48f9REO
62,,https://www.youtube.com/embed/pY6IijST_pw,36,2,3VRH0UqoAYXLj1WTqpuwHi
63,,https://www.youtube.com/embed/jfjnI_jbzew,37,2,0H57lJQoHSzP4nE7EvTJPP
64,,https://www.youtube.com/embed/u49K6WIhH84,38,2,3DCivYhjJMchrSQtoVzzWb
65,,https://www.youtube.com/embed/cg14EVOxiuQ,39,2,0ZEFUsb2AVGup8SV3y3yXl
66,,https://www.youtube.com/embed/QceVTChhlJM,40,2,63BcfK6YAzJYeISaTPr6IO
67,,https://www.youtube.com/embed/zew8SOatV0U,41,2,0ycIrEpkyb4lrqE7M1emju
68,,https://www.youtube.com/embed/uuodbSVO3z0,42,2,1tkg4EHVoqnhR6iFEXb60y
69,,https://www.youtube.com/embed/LBOmocitDfA,43,2,5VkuqayHiiU5ZHyYEH4Oeb
70,,https://www.youtube.com/embed/ila-hAUXR5U,44,2,5TRPicyLGbAF2LGBFbHGvO
71,,https://www.youtube.com/embed/Cs2d7qrVbB8,45,2,4HSAJpNocVNJbwbQvtCMdO
72,,https://www.youtube.com/embed/8kyWDhB_QeI,46,2,5SkRLpaGtvYPhw02vZhQQ9
73,,https://www.youtube.com/embed/COilSLHbdqs,47,2,3mvYQKm8h6M5K5h0nVPY9S
74,,https://www.youtube.com/embed/S38Y9LHoRh4,48,2,3thNB1fmi1wuhJ1vWCRuNz
75,,https://www.youtube.com/embed/3lDqMx4rmFU,49,2,0NjW4SKY3gbfl2orl1p8hr
76,,https://www.youtube.com/embed/XDOaT7nqqvI,0,3,1eUGmzzvahJjOSWgDHuRlv
77,,https://www.youtube.com/embed/rTNmdqzZllE,1,3,4HG1YiGBseVKzjyKcmAJen
78,,https://www.youtube.com/embed/tBwoRviPvVw,2,3,03hqMhmCZiNKMSPmVabPLP
79,,https://www.youtube.com/embed/AE005nZeF-A,3,3,2ZWlPOoWh0626oTaHrnl2a
80,,https://www.youtube.com/embed/wy5iwc1NwXg,4,3,2FOX5q9f1ZZHyePbdkt5WT
81,,https://www.youtube.com/embed/Ec3LoKpGJxY,5,3,2aPTvyE09vUCRwVvj0I8WK
82,,https://www.youtube.com/embed/f21gWR8NdC0,6,3,22MPIMPsoi0vd46wsbpzfE
83,,https://www.youtube.com/embed/X0t8zeEiqEY,7,3,0smgkpVia3VCXgY4qhVJvp
84,,https://www.youtube.com/embed/ML8Yq1Rd6I0,8,3,3nAq2hCr1oWsIU54tS98pL
85,,https://www.youtube.com/embed/Uyf_lImpdRw,9,3,5QvBXUm5MglLJ3iBfTX2Wo
86,,https://www.youtube.com/embed/GWhGT66FteU,10,3,2LtCEKs68u3RpNh4wybCF8
87,,https://www.youtube.com/embed/sEetXo3R-aM,11,3,2vtmY2mSccRzKGjtcHSzI3
88,영Z의 SOUL,https://www.youtube.com/embed/11iZcYbq_is,0,4,1AtFSBJibfaqfiOByQCwZ5
89,,https://www.youtube.com/embed/phuiiNCxRMg,1,4,351KkakA2YtGEXqSEIIasy
90,,https://www.youtube.com/embed/FyG21rXCxlY,2,4,3pDGJRDN3p6kCNZcD97FYY
91,,https://www.youtube.com/embed/oUZttxRcPZw,3,4,7yRW1NpgQzFDQbkHat2lxQ
92,,https://www.youtube.com/embed/nFYwcndNuOY,4,4,5eWcGfUCrVFMoYskyfkEPE
93,,https://www.youtube.com/embed/weRxoGz-rtE,5,4,2nRMW95dnOILirpjbksLTs
94,,https://www.youtube.com/embed/Iz1mVUw436g,6,4,5juCu4WFTFRZ2XilopAMTy
95,,https://www.youtube.com/embed/D8VEhcPeSlc,7,4,5XWlyfo0kZ8LF7VSyfS4Ew
96,,https://www.youtube.com/embed/bZEv7tzFORo,8,4,0UTtK6hregIBOsefavRI26
97,,https://www.youtube.com/embed/5_n6t9G2TUQ,9,4,2gyCwrOcC6JBoaJ8JGJ7T8
98,,https://www.youtube.com/embed/UNo0TG9LwwI,10,4,0VPFT123HKoQ2J6ipeDcI1
99,,https://www.youtube.com/embed/QU9c0053UAU,11,4,5Avril3IZ26DPVFHbJX8o6
100,,https://www.youtube.com/embed/p7qpwl0vHjo,0,5,1gXBi2I04CLJkTQnhNfEJT
101,,https://www.youtube.com/embed/iRGOb6aKcgw,1,5,3z9s9hp6ouAxH0IUojkC6L
102,,https://www.youtube.com/embed/ZJGz5ZPDFPI,2,5,0Ebot4LzRKFpNmlW0gkqe6
103,,https://www.youtube.com/embed/erErBFKPbMY,3,5,6YOXdy9jShw66iOnBzQMKv
104,,https://www.youtube.com/embed/78cOydTJMfU,4,5,2vqbApjmIGDYunVMD4hXBB
105,,https://www.youtube.com/embed/G5hbOrbfSRY,5,5,5sVe5IYLPuarlUiLOT6cFe
106,,https://www.youtube.com/embed/I-NRzzmmG_Q,6,5,3AblMxPcKPDSODskCzJBEE
107,,https://www.youtube.com/embed/PILCSOBWeh8,7,5,1z7Se5atTjuRjmRkONnHKs
108,,https://www.youtube.com/embed/qVYDICwngMA,8,5,2zlgwqw8BLX2JGB76LIFeF
109,,https://www.youtube.com/embed/WtUOsEVapz4,9,5,2XaGO56qH03kX7MHLCHiw2
110,,https://www.youtube.com/embed/ZKszvaLQiF4,10,5,0KVClXxsZEKkyWRNXeRFrE
111,,https://www.youtube.com/embed/9BJTZmmK62Y,11,5,5rZN0PP6xZsf5SWxkpMm7k
112,,https://www.youtube.com/embed/QN-H-f2dfzU,12,5,3hvWpX7wY89END0v5M0XJX
113,,https://www.youtube.com/embed/mrYZHMr_Uu0,13,5,6HyuufaEeIcdajh1tHHVEQ
114,,https://www.youtube.com/embed/V9WnRQmPuFc,14,5,6oAHHl93XiWHglVLI4SfBX
115,,https://www.youtube.com/embed/tLRN0n2-zyU,15,5,5rGMxvUu4su0Vg3BaV9BGe
116,,https://www.youtube.com/embed/SdHQkkRc-hc,16,5,5NkpsRKvSBukdYQtl3WLZW
117,,https://www.youtube.com/embed/HGpyXfCqBCk,17,5,5dh87xGcp4YqDFBc86Mh47
118,,https://www.youtube.com/embed/6jxi8Tjv33E,18,5,5zWWdqa4BF8tjygCS8E3rO
119,,https://www.youtube.com/embed/ouR4nn1G9r4,19,5,1IdM9JrXYuMYiTdM983oH4
120,,https://www.youtube.com/embed/lDsJFiprilo,20,5,0g1AmSKokPboFrxmG1dxKx
121,,https://www.youtube.com/embed/ZeerrnuLi5E,0,6,1t2qYCAjUAoGfeFeoBlK51
122,,https://www.youtube.com/embed/pSudEWBAYRE,1,6,0yB4jrSwN0bFtFRDR5vyMj
123,,https://www.youtube.com/embed/cYXyzXBhecI,2,6,7pm5uhK7xiEM9fQvuCE78l
124,,https://www.youtube.com/embed/odBtcACwF0o,3,6,05G51ez5Z73NRE0l2QtZfH
125,,https://www.youtube.com/embed/HU7ndIT06Ys,4,6,548FKDwnyPFkfWmtoK6ETA
126,,https://www.youtube.com/embed/clr4ghJk_Bs,5,6,6Yj8kVuVR3UPxx9r5eFEoV
127,,https://www.youtube.com/embed/nFYwcndNuOY,6,6,5eWcGfUCrVFMoYskyfkEPE
128,,https://www.youtube.com/embed/HlN2BXNJzxA,7,6,1exnDFdC34GyBcaLt9ZJfX
129,,https://www.youtube.com/embed/2q3Yaz0MxNg,8,6,42tFTth2jcF7iSo0RBjfJF
130,,https://www.youtube.com/embed/iDjQSdN_ig8,9,6,4ljXOIFNSjnGA2VuCYHQTS
131,,https://www.youtube.com/embed/bUwHblpMX1M,10,6,7nKQ5WAcjnG48knyLuo8gO
132,,https://www.youtube.com/embed/EWxt0KtkHlY,0,7,5pCaf7SR1fPW95Ua1CrJYu
133,,https://www.youtube.com/embed/fBAGzCDntMM,1,7,6344mzqvYpXiLxl723UVyE
134,,https://www.youtube.com/embed/nvgT3kr-rj4,2,7,0DW7eEkraNLUv94eAaxn4v
135,,https://www.youtube.com/embed/a9eHvgCsng8,3,7,76P9PzvAk51CqtOeCIEGBQ
136,,https://www.youtube.com/embed/gh2B1RtJbXg,4,7,1IkdRtsgZCtWIekX8NrLdN
137,,https://www.youtube.com/embed/EHMF0xh_z3k,5,7,6R6FlagrCC7HuFZnapXO5o
138,,https://www.youtube.com/embed/hPFGRakaRuY,6,7,2EQaWLbkUcZ92sLKQsSeDv
139,,https://www.youtube.com/embed/QdVicDf3qbM,7,7,6ipZiTWO0fuhs8lul00e4w
140,,https://www.youtube.com/embed/nU-khJbkyk4,8,7,6vhjkSvhOxU5ZyUshIAPCY
141,,https://www.youtube.com/embed/-gc1moD2Y2w,9,7,1GztRvzpFWGhe00N3jv91q
142,,https://www.youtube.com/embed/ynQJ9otDE90,10,7,1w09YJ2UvJvCR4q0W44snv
143,,https://www.youtube.com/embed/t4J0rBzPh4s,11,7,7ujVDENgCDD77JxBuw4Mhu
144,,https://www.youtube.com/embed/kVpWes8MFm4,12,7,5hyHsOQUnWQMBPWX8KZuID
145,,https://www.youtube.com/embed/LXtYMZ4LZvc,13,7,3SYqmao3YLyGYzmvBJ7Bhe
146,,https://www.youtube.com/embed/wJqdwRSARWg,14,7,5EGIJVtcmlFdw21fTwGf3u
147,,https://www.youtube.com/embed/M5aEiDSx7kI,15,7,5ocSQW5sIUIOFojwXEz9Ki
148,,https://www.youtube.com/embed/zkvhVYJvErU,16,7,53svtkdl7Hl0RZgAuTgON8
149,,https://www.youtube.com/embed/SHAQlFq6TFg,17,7,6SaeXxdt0Id6ZzmX0ZGTQK
150,,https://www.youtube.com/embed/_EJUDRpvIs0,18,7,2Sv7RMNFfNofAOmA32mLA4
151,,https://www.youtube.com/embed/EqaVNi6SHZc,19,7,7G0bBRiFDs1sDsiRqzZbmT
152,,https://www.youtube.com/embed/x7n9kcxBiuw,20,7,4xw1SakICm1K8xgeLdElyB
153,,https://www.youtube.com/embed/NiyJgOcBBqo,21,7,070bDNenZlWcjzZGAc2npp
154,,https://www.youtube.com/embed/4RWfSUWVP2I,22,7,6TSM5vkz0WzyZsNAKKYDcw
155,,https://www.youtube.com/embed/4ht80uzIhNs,23,7,0h9SUGpAofhus8HUgNXVwW
156,,https://www.youtube.com/embed/LeiFF0gvqcc,24,7,4jnFqNWeJCeCRHc4HCdxfd
157,,https://www.youtube.com/embed/VUvtlmlBbDg,25,7,3HGE6Is63CrKHS9DZ26RIO
158,,https://www.youtube.com/embed/IXIDl_5XcQw,26,7,3Xtn6ND8fGALF41WWztGF1
159,,https://www.youtube.com/embed/nmZCDBUIzhI,0,8,45SiHmjLBcPWFsNFzB547Y
160,,https://www.youtube.com/embed/VDhfK2EYfeY,1,8,1hkPTehvUqLaidlQUOfDmP
161,,https://www.youtube.com/embed/yV6786cwS-s,2,8,4QySScdQnRDZjDaAdpY0AM
162,,https://www.youtube.com/embed/3gO1aG0gTeI,3,8,3lgG9DGpDpR1VUH9ACi1EE
163,,https://www.youtube.com/embed/fJfuMtK_yug,4,8,3g1ekuXAKuFuEfarqTIxIH
164,,https://www.youtube.com/embed/et8yMXGkCMI,5,8,1UwD1ovEx84rBdpJRJt99O
165,,https://www.youtube.com/embed/Z2L5uqXMGOc,6,8,3b2DShkYT32XIVmybU1xmf
166,,https://www.youtube.com/embed/SgoZUHO4uMc,7,8,2vMMyG4iw5OppGOh23kXIe
167,,https://www.youtube.com/embed/pz-J1sPJjzA,8,8,1rVP30BW6y7uA8iJrp7wl1
168,,https://www.youtube.com/embed/JnzqAhOfDAw,9,8,1uzaFntXR5Q9K99LlduyhP
169,,https://www.youtube.com/embed/pUMlv14M5MQ,10,8,18iyA5BPmU3Htj2YZnMHdo
170,,https://www.youtube.com/embed/J5PrBdnHEhQ,11,8,0beJBpWGM17KeMTI5v1SBS
171,,https://www.youtube.com/embed/stT2gYRvTf8,12,8,7i6h8cg9E1Z7Dyy48gj2kw
172,,https://www.youtube.com/embed/p9hZ6spg1PY,13,8,2dbx9A36sJQXrBWQtI4Fsl
173,,https://www.youtube.com/embed/LJLB5JqdPc0,14,8,64KIbKLoCuMATvUM9laI91
174,,https://www.youtube.com/embed/0bbpI9D9FDE,15,8,67t5MpxDL4XREv387RPyYT
175,,https://www.youtube.com/embed/csILUDfmtqM,16,8,0juMDnoo3u3uDJ32wjK2BF
176,초반 20초만 유명한 곡. 후반 리듬을 처음 들어보시는 분들도 많을 것 같아요. 후반부의 몽환적인 리듬을 느껴보세요. 몸이 나른해 질 거에요 ~.~,https://www.youtube.com/embed/oRGDhgITetc,0,9,7DcJ6fEBb7BaKuYKTwiDxK
177,,https://www.youtube.com/embed/r_zDx_TwljU,1,9,3cqZ2Vsxt5Gi5ZLx3h5DAW
178,,https://www.youtube.com/embed/D1v3_8xVha8,2,9,2bTvNKT8bxyyPhzHu4A2Wx
179,,https://www.youtube.com/embed/-N4jf6rtyuw,3,9,1vxw6aYJls2oq3gW0DujAo
180,,https://www.youtube.com/embed/hmsyIT8OVZk,4,9,4ZaRg5Sf4TKr0YcFRLh7QJ
181,,https://www.youtube.com/embed/-E-_IRJU5w0,5,9,6KfoDhO4XUWSbnyKjNp9c4
182,,https://www.youtube.com/embed/JXgiOvHU0AY,6,9,1WCOna34eEMPgjfOOZkGQc
183,,https://www.youtube.com/embed/CX5f0NcqlMs,7,9,6Dg2RJihNlbkLSmtXY3p5f
184,,https://www.youtube.com/embed/4NRXx6U8ABQ,8,9,0VjIjW4GlUZAMYd2vXMi3b
185,,https://www.youtube.com/embed/kxgj5af8zg4,9,9,2SLwbpExuoBDZBpjfefCtV
186,,https://www.youtube.com/embed/DyWgcE9EpKw,10,9,2QYnONicU24TXbkhtaemOM
187,요즘 내 최애곡 ㅠ^ㅠ,https://www.youtube.com/embed/qiqT0rJ7zIo,11,9,6dquCx5KAW5jCgGgoTlghL
188,,https://www.youtube.com/embed/J_QGZspO4gg,12,9,7uoFMmxln0GPXQ0AcCBXRq
189,,https://www.youtube.com/embed/lukT_WB5IB0,13,9,3oUEzTAoOxqZHN4xiqTGqJ
190,,https://www.youtube.com/embed/n-UIRqgXjGA,14,9,0O6u0VJ46W86TxN9wgyqDj
191,,https://www.youtube.com/embed/OQiy0vk6Ss4,15,9,1RBIzko2PMY5CP0d3MIkwl
192,,https://www.youtube.com/embed/-oaddU3pPdA,0,10,2SL6pRmKNyug2DqhoVjVXq
193,,https://www.youtube.com/embed/wfCcs0vLysk,1,10,64yajM6CxtLghmgB53VeXT
194,,https://www.youtube.com/embed/1tk1pqwrOys,2,10,6y4GYuZszeXNOXuBFsJlos
195,,https://www.youtube.com/embed/gsT6eKsnT0M,3,10,6sIx7Cn37DGEhjy9hBP8Gx
196,,https://www.youtube.com/embed/jJzw1h5CR-I,4,10,72uSoNIf7eScfGZFQjNHrR
197,,https://www.youtube.com/embed/xGbxsiBZGPI,5,10,1XT0cpl9g0GuRQJao2nqXd
198,,https://www.youtube.com/embed/9MjAJSoaoSo,6,10,2iOvMtA1u9s95NF6mJDOuT
199,스즈메 고양이 귀여워.. 근데 무서워.. 근데 귀여워 ..,https://www.youtube.com/embed/5mvCVJIZWtA,7,10,7LHAKF7pBqHch8o6Yo0ad5
200,,https://www.youtube.com/embed/7HgJIAUtICU,8,10,1YXot2MLAG9sttepCtBRM7
201,,https://www.youtube.com/embed/uOv48wstbgY,9,10,2iXZA6Ecf9AZHw92tZBNLv
202,,https://www.youtube.com/embed/olWvy0PiLfA,10,10,7163xpL9SvNzMY6tk7nL8L
203,,https://www.youtube.com/embed/4Pls29qqg6Y,11,10,4W3rP2KZkKEykdWvlWLgyc
204,,https://www.youtube.com/embed/pLBX9vdrtn4,12,10,5Rqj6lHkIkKSD3OUgae6bw
205,,https://www.youtube.com/embed/Y732jibDixc,13,10,0jyxo8MlRDZu0S0e7yUBDD
206,,https://www.youtube.com/embed/ZRtdQ81jPUQ,14,10,1hAloWiinXLPQUJxrJReb1
207,,https://www.youtube.com/embed/oZpYEEcvu5I,15,10,2cxcqKwQtfKq7giphxjzOu
208,여름에 한 상쾌함 합니다!,https://www.youtube.com/embed/jzxJkfcYCDs,0,11,1uhx7CG8DLhCkAV0IoqYCe
209,,https://www.youtube.com/embed/Y01d2hLvsM0,1,11,6q5qD963d6AuwUF7NAcVhl
210,,https://www.youtube.com/embed/YJInKpVsBQA,2,11,6GI5AwV6rXiAItDCA822NS
211,,https://www.youtube.com/embed/-hlxyeiTvNc,3,11,3VwwxnQlYfAIIIWwgvdAWR
212,,https://www.youtube.com/embed/l9RvsMrk_l4,4,11,2IMPPA9UZpqTnnVIy9lDHU
213,,https://www.youtube.com/embed/ZHFxEnxq9Rs,5,11,7mlPsRdAV93pgaoZcc0KI0
214,,https://www.youtube.com/embed/XBVauz0iN8c,6,11,05jnwo3kEZaHL5uOM0Enfx
215,썸녀/썸남에게 불러주면 바로 넘어올 수밖에 없는 노래 \ ^오^ /,https://www.youtube.com/embed/VmpAhOuLNlE,7,11,4BcyvGnKg8DaHfXAjzFqhs